consultant_id,office,tenure_years,female,skill_baseline,treatment,tasks_completed,avg_quality,minutes_per_task,outside_correct
20001,Munich,4.0,0,59,Control,15,4.63,91.2,1
20002,Munich,6.4,0,49,AI,13,5.37,42.6,1
20003,Munich,4.8,1,52,AI,9,4.23,65.2,1
20004,Munich,7.9,0,50,Control,12,2.45,75.1,1
20005,Mumbai,8.8,0,51,AI,14,5.95,71.7,1
20006,London,5.9,1,62,AI,8,4.53,58.6,1
20007,London,11.6,0,61,AI,8,4.68,54.5,1
20008,London,5.9,0,68,AI,14,4.32,64.9,1
20009,London,4.5,0,63,AI,15,7.06,40.8,0
20010,Mumbai,6.6,0,53,Control,14,4.31,96.6,1
20011,London,7.9,1,27,AI,14,3.48,55.8,0
20012,Mumbai,9.2,0,81,Control,10,4.0,79.1,0
20013,Boston,5.8,0,72,AI,14,5.6,48.4,0
20014,Munich,9.5,1,38,Control,10,3.56,91.8,1
20015,London,7.8,0,71,Control,13,3.99,84.8,1
20016,Munich,4.0,1,52,Control,13,3.25,96.9,1
20017,Mumbai,6.9,1,70,AI,13,4.13,64.8,0
20018,London,4.1,1,51,Control,10,4.27,48.0,1
20019,Boston,7.1,1,61,AI,14,3.6,76.0,1
20020,Boston,4.7,0,64,Control,9,3.95,119.8,0
20021,London,14.7,1,70,AI,15,8.0,76.5,0
20022,Boston,6.5,0,62,Control,14,5.7,68.1,1
20023,Boston,6.2,1,75,AI,14,6.22,58.5,1
20024,Boston,2.7,0,49,AI,17,5.08,52.4,0
20025,London,13.9,1,65,AI,11,4.87,97.6,0
20026,Boston,4.3,0,55,Control,14,1.98,96.4,1
20027,London,5.0,0,71,AI,18,2.75,53.4,1
20028,Boston,10.1,0,84,AI,13,6.31,73.8,0
20029,Munich,5.2,1,70,AI,13,5.31,65.5,0
20030,London,3.1,1,55,AI,9,4.27,59.0,1
20031,London,1.9,0,48,AI,11,6.41,83.1,0
20032,Munich,5.1,0,53,Control,14,4.67,73.0,1
20033,London,8.1,0,58,AI,10,4.41,49.8,0
20034,Boston,5.4,0,62,AI,16,4.9,64.3,0
20035,London,9.2,1,69,Control,11,3.48,81.3,1
20036,Munich,16.5,1,54,Control,14,4.49,56.4,0
20037,Munich,10.7,0,51,Control,15,2.22,117.1,1
20038,Boston,8.5,0,65,Control,10,5.89,113.1,1
20039,Mumbai,7.5,0,66,Control,10,3.77,56.8,1
20040,Boston,8.7,0,65,AI,10,6.39,88.1,1
20041,Boston,8.8,1,62,AI,15,4.77,72.7,1
20042,London,7.5,0,48,Control,14,3.8,110.1,1
20043,Boston,3.9,1,69,Control,11,4.5,77.3,1
20044,Boston,5.4,0,68,AI,10,7.23,69.4,1
20045,London,7.5,0,54,AI,14,4.77,69.5,1
20046,London,8.7,1,48,Control,13,4.04,101.1,0
20047,London,9.7,0,47,AI,14,7.12,56.8,0
20048,London,6.9,0,33,AI,16,4.94,80.9,1
20049,Boston,1.9,1,44,Control,10,4.66,83.0,1
20050,Boston,1.8,0,74,Control,10,4.44,69.4,0
20051,Mumbai,4.8,0,63,AI,11,3.13,42.6,0
20052,Mumbai,12.0,1,52,AI,15,4.9,49.8,0
20053,Mumbai,16.6,0,64,AI,10,4.22,55.9,0
20054,Boston,8.8,1,43,AI,14,5.41,75.3,1
20055,Munich,6.6,1,56,Control,12,4.22,95.6,1
20056,Munich,6.3,0,41,AI,16,5.03,59.1,0
20057,Mumbai,2.6,0,61,Control,14,2.88,68.6,0
20058,London,9.0,0,57,Control,15,1.94,125.7,1
20059,London,6.0,1,59,AI,11,4.71,53.8,0
20060,Boston,6.3,1,83,AI,13,5.53,34.4,0
20061,London,7.2,0,82,Control,9,4.99,122.7,1
20062,Mumbai,9.9,1,56,AI,9,6.55,67.0,0
20063,Boston,6.9,1,51,Control,15,1.24,101.3,1
20064,London,3.9,0,68,AI,13,6.09,52.1,1
20065,Munich,9.6,1,64,AI,16,4.59,69.9,1
20066,London,11.8,0,48,AI,13,5.96,96.3,1
20067,Munich,2.0,0,57,AI,15,7.85,84.2,1
20068,Mumbai,3.4,0,45,AI,10,6.41,80.8,0
20069,Mumbai,4.9,0,59,AI,15,5.83,67.2,0
20070,Mumbai,11.6,0,65,Control,9,5.36,92.2,0
20071,Boston,7.7,1,79,Control,11,4.62,72.1,1
20072,Boston,10.4,1,58,AI,14,5.55,44.0,1
20073,Boston,2.1,1,44,Control,13,3.99,87.8,0
20074,London,6.6,0,75,AI,12,6.7,59.3,1
20075,Munich,6.4,0,67,Control,12,6.21,91.4,1
20076,Munich,4.5,0,62,AI,13,5.81,79.6,1
20077,Boston,5.1,0,81,Control,13,4.57,106.4,0
20078,London,13.3,1,52,AI,18,4.96,90.2,1
20079,London,6.6,1,51,Control,18,4.75,92.2,0
20080,Boston,10.5,1,62,AI,10,4.58,70.3,0
20081,Boston,11.3,0,58,AI,11,4.67,57.2,1
20082,Boston,8.2,0,46,Control,9,3.2,64.1,1
20083,Boston,5.9,1,69,AI,15,4.12,49.7,1
20084,London,5.2,0,69,AI,12,5.99,77.0,1
20085,Mumbai,10.0,0,73,Control,11,3.47,93.6,1
20086,Boston,6.6,1,58,Control,9,3.0,73.7,0
20087,London,9.0,1,65,AI,11,5.67,43.1,0
20088,Munich,6.4,1,64,AI,17,4.6,74.8,1
20089,Munich,8.3,1,67,AI,18,5.97,68.6,0
20090,Boston,8.7,1,54,AI,14,6.15,70.1,1
20091,Mumbai,11.4,0,47,AI,18,6.55,73.0,1
20092,Mumbai,5.5,1,76,AI,12,4.68,50.8,1
20093,Mumbai,7.7,1,71,AI,14,6.5,53.5,1
20094,Mumbai,2.3,1,68,Control,13,4.81,104.3,1
20095,Mumbai,4.8,1,73,Control,13,4.48,100.9,1
20096,London,4.4,1,72,Control,11,4.18,104.6,1
20097,Boston,4.8,1,68,Control,12,4.78,137.0,1
20098,Munich,2.4,0,44,Control,14,4.07,113.7,0
20099,Boston,4.2,0,66,AI,10,5.74,80.2,1
20100,Boston,9.9,1,45,AI,9,3.88,89.2,1
20101,London,8.9,0,39,AI,11,5.35,31.8,0
20102,London,5.3,0,55,Control,14,2.52,86.5,1
20103,Boston,9.2,0,65,AI,14,6.07,55.1,1
20104,London,9.3,0,54,AI,13,6.44,80.4,0
20105,Boston,10.9,0,52,Control,15,5.4,52.7,1
20106,Munich,0.5,0,49,Control,11,4.28,118.1,0
20107,London,11.4,0,73,AI,15,7.91,62.3,0
20108,London,5.2,1,47,AI,16,6.75,83.2,1
20109,Munich,11.1,0,67,AI,13,4.82,42.1,0
20110,London,4.0,1,55,Control,8,4.04,68.0,1
20111,Mumbai,9.0,1,76,AI,17,6.47,78.3,0
20112,Munich,6.8,0,59,AI,15,7.88,72.8,1
20113,Munich,2.0,0,55,AI,12,5.65,81.0,1
20114,Boston,3.6,0,46,Control,12,4.21,123.2,1
20115,London,6.0,0,49,Control,8,4.0,70.0,1
20116,London,9.5,0,52,AI,16,6.07,85.9,1
20117,Boston,13.8,1,62,AI,16,5.76,61.8,0
20118,Munich,13.2,0,52,AI,13,6.74,89.5,1
20119,Boston,4.1,0,55,Control,11,4.87,92.5,1
20120,Munich,5.2,1,70,Control,15,5.08,77.1,1
20121,London,7.4,1,68,AI,7,5.62,70.1,1
20122,Boston,4.2,0,68,AI,12,5.8,23.5,0
20123,Boston,4.4,0,56,AI,13,5.78,71.3,0
20124,London,8.3,0,54,Control,8,5.13,87.8,1
20125,Mumbai,2.5,1,58,AI,13,8.0,97.7,1
20126,Boston,7.8,0,59,AI,14,7.57,47.1,0
20127,London,8.5,0,68,AI,14,6.18,73.8,1
20128,Mumbai,14.2,0,54,Control,11,2.96,59.4,1
20129,Boston,11.7,0,63,Control,8,6.06,126.6,1
20130,London,5.9,0,65,AI,10,4.22,55.6,1
20131,Mumbai,3.2,0,59,Control,13,5.14,104.2,1
20132,Mumbai,13.9,1,73,Control,8,3.23,91.3,1
20133,Mumbai,1.0,0,59,Control,12,4.12,89.5,1
20134,Boston,6.0,0,56,AI,14,5.63,86.7,1
20135,Munich,7.2,1,60,Control,12,4.46,61.3,1
20136,London,9.8,0,62,Control,13,3.82,86.1,1
20137,Boston,5.3,0,58,Control,7,4.9,75.1,1
20138,Boston,9.3,0,63,Control,11,3.64,49.0,1
20139,Munich,3.7,0,66,AI,14,4.22,78.6,1
20140,Boston,8.9,0,85,AI,16,5.24,76.2,1
20141,Munich,10.3,1,52,Control,11,4.12,68.7,1
20142,London,8.0,0,52,Control,15,3.28,136.1,0
20143,London,5.2,0,83,Control,11,4.18,95.9,1
20144,Boston,4.9,1,58,AI,13,6.92,88.7,0
20145,Boston,7.1,0,58,AI,15,5.67,80.7,1
20146,London,7.6,1,50,AI,13,6.65,53.9,1
20147,Mumbai,9.2,1,35,AI,15,5.39,70.7,1
20148,Boston,9.2,0,42,AI,15,6.48,56.9,1
20149,Boston,4.9,1,77,Control,10,3.94,94.5,1
20150,Mumbai,3.5,1,65,AI,13,4.64,53.6,1
20151,Boston,14.8,0,66,Control,10,4.92,70.8,1
20152,Mumbai,5.0,1,59,AI,17,6.96,60.2,0
20153,Boston,15.4,1,67,AI,18,3.42,54.1,0
20154,London,8.8,0,75,AI,12,4.63,87.3,1
20155,Mumbai,5.8,1,66,Control,14,4.7,40.9,1
20156,Boston,5.8,0,52,Control,8,3.12,80.3,1
20157,Boston,2.2,1,61,Control,13,3.57,105.2,0
20158,Mumbai,2.8,0,64,Control,12,4.89,82.2,1
20159,Munich,9.1,1,72,Control,16,5.17,45.2,1
20160,Munich,8.1,1,47,Control,15,4.15,108.2,0
20161,Munich,8.9,0,63,Control,15,6.44,72.0,0
20162,Boston,9.4,0,53,AI,14,5.83,63.0,1
20163,Mumbai,7.3,0,54,AI,15,5.28,72.3,0
20164,Mumbai,9.7,0,71,Control,11,4.81,89.3,1
20165,London,7.2,0,44,AI,15,6.02,66.1,1
20166,Mumbai,2.8,1,61,Control,12,3.66,108.6,1
20167,London,5.1,0,59,AI,15,6.45,62.5,1
20168,London,6.4,0,65,AI,10,7.62,72.6,1
20169,London,5.5,1,69,Control,17,3.97,89.4,1
20170,Boston,7.0,1,63,Control,11,3.08,101.6,1
20171,London,7.9,1,52,AI,11,5.11,81.0,1
20172,Boston,10.3,1,56,Control,15,4.48,95.4,1
20173,London,5.7,1,60,AI,10,3.94,42.9,1
20174,Munich,10.2,0,52,AI,13,5.28,78.8,0
20175,Boston,11.0,0,55,Control,18,4.97,94.2,1
20176,London,12.0,1,53,AI,11,6.85,66.4,0
20177,Boston,0.5,1,66,Control,12,6.03,93.5,1
20178,Mumbai,9.4,0,71,AI,12,5.25,88.5,1
20179,London,14.8,0,35,AI,15,5.69,64.7,1
20180,London,6.7,1,60,Control,9,4.76,58.0,1
20181,Boston,7.2,0,59,Control,13,4.36,84.6,1
20182,Boston,9.0,1,62,AI,12,4.36,89.3,1
20183,London,2.7,1,86,AI,11,7.25,80.7,1
20184,London,9.0,0,56,AI,9,6.99,38.1,1
20185,Mumbai,3.7,0,50,Control,12,4.12,100.9,0
20186,Boston,8.5,0,86,Control,13,5.31,124.3,1
20187,Boston,2.9,1,58,AI,13,7.83,63.0,1
20188,Munich,3.8,0,28,AI,13,4.09,55.6,0
20189,Munich,5.9,0,57,AI,16,6.52,56.5,1
20190,Boston,5.1,1,52,AI,11,4.65,51.7,0
20191,London,6.2,1,45,Control,6,3.64,76.4,1
20192,London,5.3,0,53,AI,13,6.48,77.9,1
20193,Munich,6.5,0,67,Control,11,3.95,108.9,1
20194,London,13.0,1,52,Control,9,4.13,99.3,1
20195,Boston,9.7,1,74,AI,12,5.17,48.0,1
20196,Mumbai,6.4,0,65,Control,11,3.09,110.8,1
20197,Munich,8.8,1,74,AI,13,5.81,69.6,0
20198,Boston,7.5,0,68,Control,9,4.3,64.1,1
20199,Munich,10.6,1,40,Control,11,4.5,112.6,1
20200,London,6.9,0,54,Control,13,2.58,95.5,1
20201,London,11.3,1,69,Control,16,2.85,80.4,1
20202,Boston,4.5,0,62,Control,16,3.66,56.6,1
20203,London,7.1,0,66,Control,10,4.87,119.3,1
20204,Boston,7.5,1,66,AI,13,4.72,76.0,0
20205,London,7.8,1,61,Control,8,4.36,115.2,1
20206,Munich,9.7,0,49,Control,18,2.82,93.9,1
20207,Munich,10.9,0,39,AI,15,5.59,59.8,0
20208,Boston,9.0,0,63,AI,14,5.73,44.7,1
20209,London,10.5,0,68,AI,13,3.95,65.7,1
20210,London,1.1,0,54,AI,11,7.57,65.9,0
20211,Mumbai,4.9,0,62,Control,9,4.48,84.6,1
20212,Boston,9.2,0,47,AI,13,5.6,30.7,0
20213,Boston,4.8,0,78,AI,11,5.28,56.1,1
20214,Boston,7.3,0,73,AI,13,4.41,50.1,1
20215,Munich,6.0,1,75,AI,12,5.86,75.7,1
20216,Munich,5.2,0,67,AI,12,5.56,37.1,0
20217,Boston,7.7,1,51,Control,9,1.3,72.0,0
20218,Munich,6.7,0,52,AI,12,6.27,59.8,1
20219,London,1.9,0,45,Control,11,3.53,76.3,1
20220,Boston,7.9,1,85,AI,13,6.09,90.8,1
20221,Boston,16.7,1,63,Control,16,4.69,83.3,1
20222,Boston,7.0,0,53,Control,16,4.26,102.8,1
20223,Mumbai,5.0,0,48,AI,12,5.5,45.8,1
20224,Boston,7.8,0,67,AI,9,5.85,73.4,1
20225,London,5.1,0,61,Control,14,3.65,99.7,1
20226,Boston,5.0,1,59,AI,13,6.09,75.7,0
20227,Mumbai,8.6,1,69,Control,17,3.03,76.6,1
20228,London,8.3,0,64,Control,14,2.27,81.0,0
20229,Boston,0.7,0,60,AI,14,4.88,69.3,1
20230,Munich,9.7,0,64,AI,13,4.85,66.2,1
20231,Boston,3.5,1,37,Control,13,2.33,72.4,0
20232,Boston,1.3,1,69,AI,14,5.56,87.3,0
20233,Munich,5.0,0,47,Control,8,2.46,79.8,1
20234,London,5.3,0,28,Control,14,3.53,56.6,1
20235,London,11.2,0,72,AI,8,5.93,56.1,1
20236,Mumbai,4.7,0,67,Control,15,6.9,116.8,1
20237,London,10.6,1,42,Control,11,3.85,84.9,1
20238,London,4.4,1,63,AI,14,6.04,91.3,1
20239,London,8.3,1,41,AI,14,6.64,90.0,1
20240,London,10.5,0,56,AI,8,5.21,63.2,0
20241,Mumbai,6.3,1,62,AI,17,4.18,63.5,0
20242,Boston,2.5,1,73,Control,12,5.93,114.6,1
20243,London,1.5,0,31,Control,9,3.47,81.6,1
20244,Munich,1.7,0,54,Control,17,3.5,105.4,1
20245,Boston,11.6,1,50,AI,10,6.68,71.3,0
20246,Mumbai,8.5,0,57,AI,14,5.04,61.3,1
20247,Boston,8.1,0,64,AI,16,5.46,73.7,1
20248,Boston,5.9,1,61,Control,12,4.64,125.6,1
20249,Munich,10.6,0,56,Control,11,4.19,79.0,1
20250,Munich,11.3,0,61,Control,7,4.9,85.0,1
20251,London,5.9,0,52,Control,9,2.82,85.5,1
20252,Boston,8.3,1,72,Control,9,4.54,95.6,1
20253,Boston,5.9,0,47,AI,14,3.79,51.9,0
20254,Mumbai,5.7,1,81,Control,15,4.68,91.0,1
20255,London,6.4,1,55,Control,13,2.27,73.8,1
20256,Mumbai,9.7,1,78,AI,11,5.38,68.0,1
20257,Mumbai,15.2,0,34,AI,9,5.15,68.0,0
20258,London,2.0,1,43,Control,15,3.23,51.1,1
20259,Boston,1.5,0,64,AI,10,7.04,82.8,1
20260,Mumbai,8.7,0,55,AI,16,5.65,89.1,1
20261,London,8.9,1,55,AI,12,7.51,98.3,0
20262,Munich,15.0,1,55,Control,8,4.37,84.0,1
20263,Mumbai,4.8,0,68,AI,13,4.85,58.7,0
20264,Munich,9.0,0,50,Control,8,4.38,87.9,1
20265,Munich,10.5,0,54,AI,12,4.77,66.1,1
20266,Munich,10.9,0,76,AI,16,4.8,77.0,1
20267,Boston,2.7,0,65,Control,14,5.13,101.4,1
20268,Munich,7.8,1,60,Control,13,2.75,89.6,1
20269,London,8.3,0,45,AI,14,5.32,81.5,1
20270,Boston,9.2,1,71,Control,10,6.28,77.4,1
20271,London,3.7,0,73,Control,12,4.37,54.2,1
20272,Boston,7.6,1,57,AI,8,4.19,53.2,1
20273,Boston,5.7,0,60,Control,10,2.57,88.6,1
20274,Mumbai,5.0,1,69,Control,12,3.24,71.9,1
20275,Mumbai,6.2,0,46,Control,17,3.22,117.5,1
20276,Boston,3.9,1,73,Control,14,3.74,98.8,1
20277,London,2.4,1,62,Control,15,2.05,83.5,0
20278,Munich,4.8,0,67,Control,6,2.48,100.4,0
20279,Mumbai,5.4,1,53,Control,14,2.69,62.3,1
20280,Munich,11.1,0,55,Control,15,4.01,85.9,0
20281,Munich,4.7,1,94,Control,11,5.23,110.2,1
20282,Boston,2.5,1,54,Control,14,2.84,66.8,1
20283,London,11.5,1,70,AI,16,6.34,61.6,1
20284,Mumbai,6.1,0,64,AI,12,5.29,77.5,1
20285,London,8.3,0,34,Control,13,3.31,54.1,1
20286,London,9.8,1,69,Control,12,4.02,86.7,1
20287,Munich,10.0,1,75,AI,12,6.94,47.5,0
20288,Mumbai,7.8,1,56,AI,13,6.47,71.9,1
20289,Munich,7.3,0,64,Control,11,4.97,105.7,0
20290,Mumbai,7.7,1,42,AI,14,5.79,63.3,1
20291,London,12.2,0,60,Control,9,6.36,93.5,1
20292,Mumbai,8.0,0,45,Control,11,4.33,94.4,1
20293,London,5.8,0,57,Control,10,4.06,63.7,1
20294,London,7.5,0,62,AI,11,5.92,57.9,1
20295,London,9.7,0,57,AI,9,5.14,74.1,1
20296,Boston,5.6,1,78,AI,12,4.41,82.0,1
20297,Boston,4.9,0,55,AI,13,4.93,77.0,1
20298,Munich,9.3,0,59,Control,10,3.55,103.8,1
20299,London,3.2,0,49,AI,18,5.87,74.2,1
20300,Mumbai,7.1,1,66,AI,14,6.36,68.3,1
20301,Boston,12.1,0,52,AI,16,6.35,72.0,1
20302,Boston,4.3,0,43,Control,14,2.99,96.1,1
20303,Munich,6.0,0,60,AI,11,6.7,66.0,1
20304,London,4.3,1,55,Control,10,2.52,105.8,1
20305,London,11.1,1,56,Control,9,4.9,87.9,1
20306,Boston,3.3,0,56,Control,12,5.87,153.9,1
20307,Munich,3.3,1,34,Control,13,3.34,81.5,1
20308,Boston,7.8,1,69,Control,11,4.78,107.8,1
20309,Boston,8.9,1,57,AI,15,6.02,57.7,1
20310,Munich,0.5,1,50,AI,10,5.23,67.4,1
20311,London,7.4,0,38,AI,13,5.76,28.3,0
20312,Boston,5.5,0,55,AI,16,6.06,85.2,1
20313,Boston,2.8,0,67,Control,6,3.25,67.7,1
20314,Boston,7.1,0,53,Control,17,4.17,81.0,1
20315,London,8.3,0,51,AI,16,6.76,73.8,1
20316,Boston,6.9,1,77,Control,13,6.32,44.8,1
20317,Boston,4.5,1,61,Control,9,3.74,103.0,1
20318,Munich,13.2,1,63,AI,18,4.76,63.6,1
20319,Munich,9.8,0,68,Control,15,4.27,92.5,1
20320,Munich,7.1,1,77,AI,16,6.14,51.0,1
20321,London,12.3,1,48,AI,17,5.24,41.1,1
20322,Munich,6.2,0,39,Control,11,3.97,96.9,1
20323,Boston,6.6,0,78,Control,10,3.58,96.3,1
20324,Mumbai,5.8,0,49,AI,9,5.31,67.0,1
20325,London,7.7,0,71,Control,9,5.07,59.7,1
20326,London,5.5,0,61,AI,18,4.51,84.7,1
20327,Mumbai,17.3,0,69,AI,14,6.75,83.2,1
20328,Mumbai,6.7,0,75,AI,9,3.55,51.9,1
20329,Mumbai,8.7,0,53,AI,16,4.89,86.4,0
20330,Boston,7.0,0,59,AI,10,6.83,109.3,0
20331,Boston,10.8,0,57,AI,14,6.87,80.7,1
20332,Mumbai,6.3,0,72,AI,11,5.86,69.6,0
20333,Mumbai,9.8,0,64,Control,10,4.98,88.8,0
20334,Mumbai,8.6,0,57,AI,15,6.55,68.8,1
20335,Mumbai,8.9,1,77,Control,10,5.39,75.7,1
20336,Boston,12.0,1,23,Control,17,1.99,20.4,1
20337,Mumbai,6.3,0,50,AI,15,5.92,72.7,1
20338,London,5.4,0,58,AI,9,8.0,66.8,1
20339,London,6.2,1,63,Control,14,4.73,88.7,1
20340,Munich,4.2,1,67,AI,9,4.14,66.5,1
20341,London,10.4,0,63,Control,13,5.83,93.3,1
20342,Munich,1.8,1,70,Control,13,2.31,67.2,1
20343,London,7.1,0,53,Control,15,3.63,74.7,1
20344,London,12.6,1,58,Control,13,3.81,123.4,1
20345,Boston,7.4,0,62,Control,13,4.29,73.6,1
20346,Mumbai,5.7,0,65,AI,9,5.42,69.2,1
20347,London,0.6,1,52,AI,14,5.26,51.3,1
20348,London,3.0,0,56,Control,10,3.26,104.1,1
20349,Boston,10.4,0,77,AI,11,6.05,67.9,0
20350,London,5.7,0,68,Control,10,5.91,87.2,0
20351,London,7.6,0,73,Control,8,5.04,82.9,1
20352,Boston,4.1,0,37,AI,17,4.71,60.7,1
20353,London,0.5,0,46,AI,12,6.59,73.8,0
20354,London,9.4,0,42,Control,12,3.67,69.1,1
20355,Munich,13.1,1,54,Control,12,4.4,71.7,1
20356,Mumbai,12.0,1,63,AI,14,5.3,69.5,1
20357,Munich,2.1,0,57,AI,13,7.03,68.7,0
20358,Boston,9.7,0,64,Control,13,3.62,68.1,1
20359,Boston,7.0,0,63,Control,9,5.32,73.3,1
20360,London,10.2,1,54,AI,14,5.51,84.7,1
20361,Mumbai,7.3,0,52,AI,15,5.46,57.4,1
20362,Munich,8.8,0,51,Control,7,5.33,93.8,1
20363,London,11.4,0,57,AI,10,5.07,33.3,0
20364,London,10.9,0,67,AI,13,5.42,55.9,1
20365,Boston,4.1,1,56,Control,11,4.39,98.5,1
20366,Boston,8.4,0,69,AI,13,5.03,71.3,1
20367,London,7.8,1,59,Control,12,3.2,56.6,1
20368,Boston,3.8,0,54,Control,15,4.6,135.9,0
20369,London,5.2,0,71,Control,8,5.46,62.4,1
20370,London,15.5,0,57,Control,16,3.57,101.5,1
20371,London,4.8,1,66,AI,15,6.02,83.6,1
20372,Boston,4.8,0,58,Control,15,3.96,97.7,1
20373,Boston,0.5,0,61,Control,13,3.85,118.3,1
20374,Boston,5.2,1,59,AI,14,7.64,89.6,1
20375,Mumbai,6.2,1,66,AI,16,3.95,75.6,1
20376,Boston,1.0,0,71,AI,9,5.54,62.1,1
20377,Boston,8.3,0,54,Control,11,4.48,130.6,1
20378,London,3.4,1,80,AI,11,4.91,84.2,1
20379,London,4.4,1,47,Control,11,3.13,75.5,1
20380,Mumbai,0.5,0,73,Control,10,4.33,76.9,0
20381,Boston,5.7,0,45,AI,13,6.62,29.0,0
20382,Munich,6.4,0,81,AI,15,5.93,62.1,1
20383,Mumbai,4.8,0,50,Control,13,4.0,124.7,0
20384,Munich,5.3,1,59,AI,15,6.07,38.7,1
20385,Munich,11.4,1,62,AI,13,4.68,61.2,0
20386,Boston,5.2,1,57,Control,13,2.83,117.3,1
20387,London,8.7,0,77,Control,13,5.01,53.4,1
20388,London,10.6,0,59,AI,14,5.5,76.3,0
20389,Munich,9.3,0,62,AI,13,4.15,83.7,1
20390,Munich,10.6,0,56,Control,10,4.21,86.0,1
20391,London,8.7,0,70,AI,14,6.74,68.8,1
20392,Boston,5.6,1,58,AI,16,6.65,62.9,1
20393,London,3.8,0,56,Control,12,4.51,96.4,1
20394,Munich,9.1,0,60,Control,11,3.99,79.9,1
20395,London,0.5,0,41,Control,14,3.31,74.2,1
20396,Munich,3.5,0,47,Control,11,3.57,95.2,1
20397,London,9.6,0,64,Control,12,3.54,72.1,1
20398,Munich,13.5,1,46,AI,17,6.41,46.9,1
20399,Munich,10.6,0,75,AI,15,7.49,78.7,0
20400,Munich,11.3,0,53,Control,13,5.13,88.5,1
20401,London,0.5,0,81,AI,18,6.35,61.5,1
20402,Mumbai,10.8,1,63,Control,13,4.48,114.8,0
20403,Mumbai,2.5,0,71,Control,10,3.82,73.8,1
20404,Mumbai,11.5,1,53,Control,15,3.08,109.4,1
20405,London,8.4,0,62,Control,14,3.75,83.6,1
20406,London,7.4,0,60,AI,18,5.78,66.2,0
20407,Mumbai,5.5,1,57,Control,12,2.83,103.4,1
20408,Munich,6.8,0,49,Control,14,3.43,47.6,0
20409,Boston,7.4,1,49,Control,11,3.85,90.9,1
20410,Mumbai,10.2,1,59,AI,17,7.33,54.2,1
20411,Boston,9.1,1,60,AI,12,4.07,66.7,0
20412,London,11.4,0,44,AI,9,4.93,99.5,1
20413,Mumbai,1.7,1,70,Control,11,5.41,91.1,1
20414,Mumbai,8.1,1,63,Control,14,3.11,79.9,1
20415,Boston,2.7,0,64,Control,14,3.97,108.9,1
20416,London,3.0,1,63,Control,10,2.83,52.6,1
20417,Boston,11.8,1,62,Control,7,4.56,96.3,1
20418,Boston,7.1,0,57,Control,15,6.49,137.5,1
20419,Mumbai,7.8,0,55,AI,10,6.32,68.9,1
20420,Munich,16.1,0,68,Control,11,6.02,64.6,1
20421,Mumbai,8.1,1,45,AI,5,6.52,59.2,0
20422,Munich,3.2,1,37,AI,9,6.84,65.8,0
20423,Munich,3.0,0,48,Control,13,2.17,110.3,1
20424,Mumbai,9.7,0,64,Control,11,3.44,90.0,1
20425,Mumbai,4.2,1,53,AI,13,7.44,59.3,1
20426,Boston,6.5,1,45,AI,13,6.35,58.5,1
20427,Munich,5.1,1,75,Control,13,4.68,93.8,1
20428,Boston,8.0,1,57,Control,17,4.32,59.8,1
20429,London,6.5,0,78,Control,15,3.97,91.7,1
20430,Boston,8.0,1,66,Control,13,2.68,118.9,1
20431,Boston,15.1,0,68,Control,8,4.75,49.2,1
20432,Boston,3.6,1,43,Control,8,2.89,82.0,1
20433,Boston,8.4,0,73,Control,12,3.75,84.7,1
20434,London,8.8,1,43,AI,17,5.35,83.6,1
20435,Mumbai,10.1,1,44,Control,11,2.74,103.2,1
20436,Mumbai,6.9,1,50,Control,11,3.18,110.8,0
20437,Munich,10.7,1,53,AI,10,4.32,60.1,0
20438,Boston,8.4,0,49,AI,11,4.09,75.6,1
20439,Mumbai,8.0,1,83,Control,14,4.3,90.2,1
20440,Boston,10.1,0,21,AI,13,4.8,89.7,1
20441,Boston,8.3,1,74,AI,15,7.54,75.9,0
20442,Boston,5.5,1,62,AI,16,4.8,84.3,1
20443,Munich,11.4,1,65,Control,13,3.32,76.4,1
20444,Munich,5.9,0,44,Control,12,3.92,61.2,1
20445,Mumbai,6.3,1,45,AI,15,6.42,75.7,1
20446,Munich,6.4,0,79,Control,11,3.22,80.6,0
20447,Boston,8.1,1,80,Control,13,3.93,102.5,0
20448,Boston,4.1,1,72,AI,15,5.07,69.9,0
20449,Mumbai,7.3,0,64,AI,11,4.46,68.6,0
20450,Munich,4.1,1,43,AI,12,7.06,51.3,0
20451,Munich,5.5,1,67,Control,15,5.08,81.6,1
20452,Mumbai,8.3,0,78,Control,11,4.6,98.4,1
20453,Munich,8.3,0,75,Control,6,4.3,83.4,1
20454,Mumbai,8.3,1,57,AI,17,5.8,51.9,1
20455,Munich,4.0,0,63,AI,11,5.78,96.4,0
20456,London,5.3,0,88,AI,16,5.77,63.8,0
20457,Munich,7.9,0,66,Control,12,5.07,105.3,1
20458,Munich,5.0,0,71,AI,13,3.94,88.7,0
20459,Mumbai,13.6,0,82,Control,9,4.81,75.8,1
20460,Boston,8.7,1,47,Control,10,2.77,90.5,0
20461,Munich,4.5,0,41,Control,13,2.31,96.2,1
20462,Munich,4.9,0,55,Control,11,3.09,97.7,1
20463,London,7.3,0,43,AI,15,7.41,72.0,1
20464,Boston,8.6,0,48,AI,9,5.8,57.0,0
20465,Mumbai,16.6,1,30,AI,14,4.0,78.9,1
20466,Boston,9.6,1,64,Control,14,3.54,99.2,1
20467,Mumbai,2.4,1,53,Control,9,3.54,88.3,1
20468,London,9.8,1,69,Control,16,5.45,84.9,1
20469,Boston,7.7,0,42,Control,9,3.57,88.6,1
20470,Munich,8.9,0,79,AI,12,4.87,87.1,0
20471,Mumbai,3.7,1,61,Control,13,2.56,48.6,1
20472,Mumbai,2.6,0,62,AI,16,4.61,44.4,1
20473,Boston,10.9,0,71,AI,16,6.15,54.7,1
20474,London,12.1,0,76,Control,9,2.65,61.6,1
20475,Mumbai,9.6,0,54,Control,10,4.42,87.2,1
20476,London,7.7,0,53,AI,14,6.62,43.2,0
20477,Mumbai,6.7,0,65,Control,13,4.7,98.5,1
20478,Munich,14.0,0,57,Control,12,3.24,85.7,1
20479,Mumbai,6.2,1,45,Control,11,4.04,91.3,1
20480,Mumbai,7.0,1,59,AI,7,5.67,58.5,0
20481,Boston,9.9,0,46,Control,14,3.98,107.8,1
20482,Boston,7.7,1,79,Control,14,3.74,92.3,1
20483,Mumbai,2.4,1,90,AI,12,7.08,108.1,1
20484,London,7.0,0,75,AI,10,6.08,64.8,0
20485,Mumbai,9.8,0,63,Control,9,3.61,50.9,1
20486,London,8.7,1,82,Control,12,3.39,81.1,1
20487,Boston,7.5,1,78,Control,12,5.39,90.3,1
20488,Boston,5.2,1,67,Control,13,3.8,83.2,1
20489,London,10.0,1,64,AI,17,4.93,72.1,1
20490,Boston,6.1,0,65,Control,8,5.36,101.2,0
20491,London,6.4,0,57,AI,15,5.39,74.3,1
20492,Boston,4.9,0,37,Control,7,4.05,87.1,1
20493,Boston,2.8,1,76,Control,13,4.95,113.3,1
20494,London,7.0,1,64,AI,16,2.75,65.4,1
20495,Mumbai,9.7,0,62,AI,17,5.93,71.4,1
20496,Boston,1.8,1,49,AI,13,6.77,55.8,1
20497,Boston,13.7,1,63,AI,13,4.07,81.4,1
20498,Boston,9.5,0,37,AI,16,5.58,45.0,0
20499,Boston,10.9,0,52,AI,7,5.66,71.5,0
20500,London,9.2,1,43,Control,9,2.78,118.2,0
20501,London,3.9,0,69,AI,16,4.65,76.5,1
20502,Munich,7.3,0,58,Control,7,1.96,117.4,1
20503,Boston,1.1,0,68,AI,13,5.42,76.1,0
20504,Mumbai,6.3,0,74,AI,12,6.74,95.1,0
20505,Boston,9.6,0,75,AI,15,5.2,60.7,0
20506,Mumbai,4.4,0,58,Control,11,4.78,93.2,1
20507,Munich,3.8,0,74,AI,16,4.36,60.7,0
20508,London,12.4,0,61,Control,13,3.46,84.6,1
20509,Mumbai,10.1,0,57,AI,14,7.19,36.5,0
20510,Boston,2.6,0,47,Control,9,3.14,63.8,1
20511,London,8.9,1,26,Control,13,3.15,49.1,1
20512,Boston,7.4,0,63,Control,12,2.79,79.6,1
20513,Munich,10.5,0,51,AI,7,5.46,62.5,0
20514,London,4.0,0,52,Control,13,4.78,107.1,1
20515,Mumbai,8.1,0,58,Control,17,4.99,70.5,1
20516,Boston,9.3,1,75,AI,9,5.75,42.2,1
20517,London,1.3,1,56,Control,9,3.42,85.5,0
20518,Munich,4.1,1,80,AI,15,6.79,58.8,0
20519,Munich,9.7,1,58,AI,10,5.18,61.3,1
20520,Boston,3.6,0,39,AI,13,5.16,88.9,1
20521,Munich,9.6,0,58,Control,12,5.64,73.4,1
20522,Mumbai,5.4,0,70,Control,9,5.73,88.3,0
20523,London,8.5,1,44,AI,16,6.2,89.5,0
20524,Boston,5.5,0,62,AI,14,7.27,76.5,0
20525,London,6.9,0,50,Control,18,3.81,79.6,1
20526,Boston,8.5,1,64,Control,13,5.15,88.0,1
20527,Boston,10.7,0,38,AI,18,3.79,49.2,1
20528,Mumbai,9.1,1,43,Control,9,3.34,89.9,1
20529,Mumbai,6.0,0,70,Control,13,4.16,79.5,1
20530,Munich,4.4,0,47,AI,15,6.02,80.0,1
20531,Boston,4.5,1,73,Control,10,5.57,83.9,1
20532,Mumbai,0.9,1,68,AI,18,4.03,69.3,1
20533,London,2.4,1,71,Control,8,5.95,101.8,1
20534,London,5.3,0,65,AI,15,6.06,81.0,0
20535,Mumbai,9.2,1,30,AI,14,6.94,66.6,1
20536,Boston,6.4,0,54,Control,13,2.66,78.9,0
20537,London,3.0,0,58,AI,18,6.75,45.3,1
20538,London,7.0,1,58,Control,14,5.27,103.8,1
20539,Munich,13.3,1,46,AI,11,6.02,62.0,0
20540,London,3.6,0,63,AI,16,4.26,71.4,1
20541,Mumbai,6.5,1,81,Control,15,5.77,83.1,1
20542,Boston,6.2,0,56,Control,12,4.49,68.8,1
20543,Mumbai,7.0,0,47,Control,8,2.91,63.1,0
20544,Munich,12.1,0,54,Control,12,3.93,71.8,1
20545,Boston,4.6,1,46,Control,13,3.65,120.9,1
20546,London,9.9,1,70,AI,13,6.63,68.0,1
20547,Boston,4.8,0,49,AI,13,6.5,57.9,0
20548,Munich,7.1,0,51,AI,11,5.68,76.7,0
20549,Mumbai,8.0,0,51,AI,11,6.29,90.1,0
20550,Mumbai,8.8,0,73,Control,11,5.05,66.7,1
20551,London,2.6,0,75,Control,14,2.22,95.5,1
20552,London,2.5,1,68,Control,14,4.79,98.7,1
20553,Boston,5.3,1,52,AI,11,6.0,63.6,1
20554,Boston,10.2,0,70,AI,12,4.96,50.2,1
20555,Boston,5.5,0,33,Control,17,5.03,74.5,1
20556,Munich,7.4,1,37,Control,13,3.09,92.1,1
20557,Boston,10.0,1,66,AI,14,7.36,71.8,1
20558,Boston,7.1,1,52,Control,13,2.12,97.9,1
20559,London,6.7,0,64,AI,8,5.99,53.4,0
20560,Mumbai,8.4,0,64,AI,13,4.14,36.4,1
20561,Boston,0.6,0,64,AI,13,4.88,87.0,0
20562,Boston,9.9,0,40,Control,11,3.47,73.2,1
20563,Mumbai,3.9,1,64,AI,10,5.13,55.5,1
20564,London,3.7,0,57,Control,14,3.54,77.7,1
20565,Mumbai,4.9,0,73,Control,13,5.91,73.2,0
20566,London,11.2,1,40,Control,9,1.94,59.6,0
20567,Boston,5.2,1,64,AI,13,4.88,78.8,1
20568,Boston,5.4,0,36,Control,13,3.69,99.3,1
20569,London,5.5,0,89,AI,16,5.84,75.4,1
20570,Boston,14.4,0,55,Control,18,2.53,76.4,1
20571,Munich,5.9,1,69,Control,8,4.9,135.7,1
20572,London,12.0,1,75,AI,16,5.75,36.1,1
20573,Mumbai,5.2,1,77,Control,8,4.54,89.3,1
20574,London,8.3,0,48,AI,14,6.29,41.8,1
20575,Munich,8.1,0,63,Control,13,2.72,50.4,0
20576,Munich,10.5,1,67,Control,11,3.78,121.6,1
20577,London,10.8,1,59,AI,9,6.68,36.9,0
20578,Boston,7.2,1,90,AI,17,6.17,26.2,1
20579,London,6.7,1,74,AI,14,5.93,62.3,0
20580,Mumbai,6.9,1,58,AI,13,6.68,68.7,1
20581,Boston,7.1,1,63,AI,12,4.56,69.4,1
20582,London,2.3,1,51,AI,11,6.72,64.9,0
20583,London,9.4,1,62,AI,12,5.79,49.0,1
20584,London,3.8,0,55,Control,16,4.49,85.9,0
20585,Mumbai,5.7,1,55,AI,10,7.23,63.0,1
20586,Munich,13.3,1,27,AI,15,5.43,82.6,1
20587,Boston,10.9,0,40,AI,8,6.21,69.4,0
20588,Mumbai,3.9,1,51,Control,11,4.25,113.4,1
20589,Mumbai,8.7,0,71,AI,14,5.07,63.7,1
20590,Mumbai,7.3,1,58,AI,15,7.1,105.5,1
20591,London,6.7,1,53,AI,14,6.58,83.5,0
20592,Munich,3.0,1,68,AI,10,5.02,64.8,1
20593,Boston,5.7,1,43,Control,11,2.26,36.4,1
20594,London,10.1,0,65,Control,10,4.67,75.4,1
20595,London,5.0,1,30,AI,18,3.73,66.5,1
20596,Munich,4.2,1,79,Control,11,4.02,96.2,1
20597,Munich,5.8,1,59,Control,15,1.44,70.9,1
20598,Boston,7.4,1,60,AI,13,5.77,72.7,0
20599,Munich,10.4,0,72,Control,12,2.46,66.6,1
20600,Mumbai,3.7,1,40,AI,15,4.69,62.8,1
20601,London,5.9,1,77,AI,11,7.41,91.5,1
20602,Boston,0.5,0,70,Control,7,4.01,100.7,0
20603,London,8.2,0,52,AI,14,5.72,81.3,1
20604,Boston,7.1,0,71,Control,17,4.17,128.4,1
20605,Munich,9.7,0,55,Control,12,3.52,80.0,1
20606,Munich,3.1,0,76,Control,15,4.81,80.4,1
20607,Boston,2.1,0,55,AI,13,6.49,66.0,1
20608,London,9.8,1,44,AI,10,4.37,62.1,1
20609,London,8.7,0,76,AI,14,5.78,63.7,1
20610,Mumbai,8.5,1,65,AI,7,4.89,36.5,1
20611,Boston,0.5,1,84,Control,11,5.46,64.8,1
20612,London,7.5,1,64,Control,11,2.82,97.0,1
20613,Mumbai,8.7,0,61,AI,17,6.43,62.2,1
20614,Mumbai,8.0,1,50,Control,9,2.66,78.2,1
20615,Munich,10.4,0,63,Control,12,4.88,108.1,1
20616,Mumbai,8.8,0,60,Control,13,5.11,77.9,1
20617,Munich,7.5,1,59,AI,9,5.6,43.2,0
20618,Mumbai,10.2,1,74,AI,15,5.75,57.5,1
20619,Munich,8.9,1,62,AI,15,3.4,69.0,1
20620,Boston,5.9,0,72,Control,12,5.9,89.7,0
20621,Munich,7.2,0,67,AI,13,5.53,74.2,0
20622,Munich,9.1,0,80,AI,13,5.38,86.5,0
20623,Mumbai,4.3,0,38,AI,12,4.69,69.2,1
20624,Munich,13.3,0,51,AI,15,4.59,72.0,0
20625,London,9.5,0,38,AI,15,5.15,90.6,0
20626,London,5.2,1,46,Control,12,2.87,103.0,1
20627,Boston,11.8,0,67,AI,14,5.68,85.5,1
20628,Mumbai,7.7,1,41,Control,11,2.69,68.4,1
20629,Mumbai,4.6,0,91,AI,17,5.47,70.9,1
20630,London,2.3,0,67,Control,9,3.83,49.9,1
20631,London,9.7,0,63,AI,11,4.96,50.9,1
20632,Mumbai,9.1,0,72,Control,9,6.24,79.2,0
20633,London,7.3,1,70,Control,8,2.47,98.8,0
20634,Mumbai,6.9,0,56,Control,14,2.89,108.3,1
20635,London,5.1,1,79,AI,12,7.11,74.8,1
20636,Boston,6.8,1,45,Control,10,4.98,75.1,1
20637,Boston,1.4,0,51,Control,8,4.41,119.6,1
20638,Boston,3.1,1,69,Control,7,5.38,115.6,1
20639,Munich,1.6,1,59,Control,12,4.19,83.2,0
20640,Boston,14.9,0,53,Control,11,3.53,77.6,1
20641,Munich,8.8,0,66,Control,12,3.61,74.1,1
20642,Munich,8.2,0,54,AI,16,6.36,61.8,1
20643,Mumbai,5.8,1,77,AI,12,4.42,65.1,1
20644,London,6.0,1,66,AI,13,6.05,65.5,0
20645,Munich,4.0,0,75,Control,12,5.16,95.7,1
20646,Munich,11.8,1,52,AI,10,6.17,89.8,1
20647,London,3.5,0,54,AI,7,4.96,51.5,1
20648,London,2.4,0,57,Control,14,2.81,108.7,1
20649,Munich,5.8,0,60,Control,7,1.98,101.8,1
20650,Mumbai,6.4,1,42,Control,11,4.29,97.7,0
20651,Munich,9.1,0,77,AI,18,5.18,55.3,0
20652,London,9.7,0,64,AI,14,4.92,73.1,0
20653,Mumbai,6.5,1,77,AI,13,6.17,63.7,1
20654,Munich,9.0,0,65,Control,13,4.63,108.8,1
20655,Munich,9.7,1,37,Control,8,1.74,104.3,1
20656,Mumbai,11.5,0,57,Control,12,2.64,66.4,1
20657,Munich,9.8,0,59,Control,10,3.9,69.2,0
20658,London,13.5,0,58,Control,11,3.9,69.9,1
20659,Boston,8.7,0,47,Control,10,3.92,103.7,1
20660,Boston,7.3,1,78,Control,18,3.34,52.7,1
20661,Boston,8.9,1,46,Control,14,3.18,65.3,1
20662,Boston,8.4,0,58,AI,15,5.8,114.4,1
20663,Boston,14.9,0,61,AI,11,4.69,34.1,1
20664,Munich,6.9,0,59,AI,13,5.83,96.8,0
20665,London,6.0,1,60,AI,10,3.96,58.1,0
20666,Munich,3.9,1,62,AI,11,4.64,68.3,1
20667,London,11.1,1,90,AI,9,5.17,48.4,1
20668,Mumbai,12.2,1,66,Control,10,6.02,68.9,0
20669,London,0.5,1,43,Control,8,2.53,114.2,1
20670,London,6.3,0,52,AI,16,5.59,75.0,1
20671,Boston,7.5,0,65,AI,16,4.47,62.3,1
20672,Boston,9.2,0,52,AI,18,6.51,84.4,0
20673,Munich,7.7,0,76,AI,13,4.78,56.4,0
20674,Boston,3.9,1,51,AI,12,5.13,84.0,0
20675,Munich,11.9,0,45,Control,14,2.85,126.9,1
20676,Munich,4.0,0,57,AI,16,5.65,75.2,1
20677,Boston,10.8,0,67,Control,9,4.43,87.4,0
20678,Boston,12.6,1,73,AI,15,7.54,69.4,1
20679,Mumbai,12.0,0,52,Control,9,4.91,92.7,1
20680,London,8.4,0,63,Control,12,5.0,100.1,1
20681,Mumbai,4.6,0,51,Control,10,4.63,89.8,0
20682,Boston,5.6,0,47,Control,8,3.76,76.4,0
20683,London,5.0,1,55,AI,18,5.98,22.3,1
20684,London,8.2,1,69,Control,17,4.62,106.3,1
20685,London,7.1,1,59,AI,17,6.76,38.3,0
20686,Munich,4.0,1,66,AI,13,5.83,49.4,1
20687,Mumbai,8.8,0,61,AI,10,7.11,72.4,1
20688,Munich,9.6,1,59,AI,11,6.09,55.6,1
20689,Boston,6.7,0,68,Control,17,3.39,110.5,1
20690,Mumbai,7.6,0,59,AI,13,5.19,85.1,1
20691,Boston,4.7,0,85,AI,11,5.83,67.1,1
20692,Boston,15.0,1,64,Control,9,3.97,95.3,0
20693,London,4.4,0,67,AI,14,4.78,62.7,1
20694,Boston,5.7,0,59,Control,9,5.03,65.3,1
20695,Mumbai,3.2,0,70,AI,16,5.79,66.7,0
20696,London,5.1,1,62,Control,9,3.74,90.5,1
20697,Mumbai,9.2,0,57,Control,10,2.86,113.3,1
20698,London,0.5,0,65,Control,13,4.05,38.6,1
20699,London,5.6,1,66,Control,8,4.53,97.0,1
20700,Munich,4.9,0,40,AI,17,5.93,69.2,1
20701,Boston,10.7,0,50,AI,18,5.92,56.3,1
20702,London,6.3,0,89,Control,7,6.19,117.7,1
20703,Munich,5.5,1,57,AI,16,6.23,82.3,1
20704,Munich,3.8,0,70,Control,13,4.43,77.9,1
20705,Mumbai,4.8,1,31,Control,11,2.61,78.2,1
20706,London,1.1,0,42,Control,7,4.15,102.0,1
20707,Munich,6.6,1,63,AI,15,4.43,81.6,1
20708,Mumbai,5.1,0,46,Control,12,4.54,48.0,1
20709,Boston,8.5,1,51,Control,12,2.32,68.1,1
20710,Boston,9.5,0,59,Control,14,5.54,115.4,1
20711,Mumbai,4.4,0,89,AI,15,7.03,61.4,1
20712,Munich,7.6,0,63,Control,13,6.0,92.7,1
20713,Munich,9.9,1,55,AI,11,6.86,61.8,0
20714,Boston,6.9,1,58,AI,15,4.45,43.6,1
20715,Mumbai,6.0,1,72,Control,11,4.64,75.4,1
20716,London,11.1,0,61,AI,13,5.1,64.9,1
20717,Boston,7.1,1,45,Control,12,2.99,94.8,1
20718,London,8.0,0,49,Control,11,3.08,57.2,0
20719,London,3.8,0,65,AI,9,2.71,69.5,1
20720,Boston,4.1,0,73,AI,13,3.72,85.0,0
20721,Boston,1.2,1,59,Control,12,4.53,82.2,1
20722,London,5.2,0,71,AI,13,5.15,63.1,1
20723,Boston,3.3,1,61,Control,16,3.63,75.9,1
20724,Boston,6.5,1,48,Control,10,3.5,71.6,1
20725,Boston,7.0,1,68,Control,9,4.44,60.7,1
20726,London,5.4,1,45,Control,15,4.06,112.4,1
20727,Mumbai,0.5,0,71,AI,15,4.11,90.7,0
20728,Boston,7.9,0,58,Control,11,4.72,101.5,0
20729,Boston,10.3,1,54,Control,10,3.26,97.7,1
20730,Mumbai,0.8,0,56,Control,10,3.43,60.2,1
20731,Boston,9.9,0,44,AI,15,5.94,63.7,1
20732,Munich,8.5,1,54,Control,12,4.55,56.3,1
20733,London,8.9,1,52,AI,17,5.49,67.6,0
20734,London,10.9,0,65,Control,7,5.25,59.9,1
20735,London,7.2,0,73,Control,11,5.4,88.0,0
20736,London,8.6,0,59,AI,15,6.24,58.0,1
20737,London,13.7,0,35,Control,17,3.41,83.4,1
20738,Munich,12.9,1,63,AI,9,5.24,67.5,0
20739,Munich,5.0,0,77,AI,9,4.77,60.2,1
20740,Boston,10.5,1,52,Control,11,3.45,89.3,1
20741,Boston,5.9,1,60,AI,18,5.53,72.7,1
20742,Munich,7.1,1,81,Control,8,4.96,79.5,1
20743,Boston,9.6,1,60,Control,14,4.61,107.3,1
20744,London,8.4,1,40,Control,11,1.78,85.9,1
20745,Munich,10.1,0,61,Control,11,4.35,76.0,1
20746,London,11.5,1,82,AI,11,5.2,74.4,0
20747,Mumbai,10.8,0,28,AI,13,5.18,62.3,1
20748,London,2.1,1,72,Control,12,3.75,82.5,1
20749,London,7.8,1,75,AI,10,5.26,62.5,1
20750,Munich,7.5,0,63,Control,13,4.88,104.5,1
20751,London,7.1,1,57,Control,10,2.95,74.6,1
20752,London,9.8,0,56,AI,14,5.96,91.1,1
20753,Munich,7.0,1,68,AI,10,6.02,42.7,1
20754,Mumbai,4.2,0,55,AI,15,7.54,64.1,0
20755,Boston,4.0,0,69,Control,12,1.93,74.6,1
20756,Munich,9.7,1,72,AI,18,6.72,78.5,1
20757,Boston,8.5,0,68,AI,12,5.1,55.9,1
20758,Boston,13.4,1,49,AI,15,4.6,58.2,1
