week,price,units_sold
1,77,1323
2,81,1330
3,68,1396
4,84,865
5,96,988
6,107,642
7,89,956
8,87,1206
9,74,1486
10,71,1485
11,95,830
12,61,2401
13,71,1350
14,114,690
15,63,1954
16,125,614
17,60,1652
18,117,735
19,96,969
20,70,1391
21,115,672
22,77,1443
23,84,1143
24,102,651
25,77,1302
26,115,1015
27,59,2460
28,108,730
29,66,1476
30,104,871
31,62,2054
32,96,863
33,98,1010
34,62,1791
35,76,1411
36,96,1113
37,71,1678
38,88,989
39,120,698
40,73,1535
41,69,1455
42,91,1071
43,77,1131
44,87,1131
45,89,1172
46,101,891
47,89,987
48,102,782
49,64,1606
50,106,807
51,76,1422
52,62,1802
53,66,1444
54,86,1147
55,103,836
56,73,1255
57,85,905
58,81,1156
59,75,1631
60,63,1504
61,101,830
62,74,1323
63,105,797
64,119,617
65,66,1541
66,120,566
67,97,1114
68,60,2379
69,124,807
70,125,563
71,77,1090
72,113,716
73,59,2585
74,61,1971
75,82,1326
76,69,1662
77,75,1307
78,59,2246
79,114,728
80,60,1730
81,66,1878
82,101,749
83,91,968
84,84,1345
85,115,713
86,65,1590
87,82,1205
88,70,1749
89,82,1014
90,113,787
91,82,1225
92,65,2070
93,127,600
94,108,668
95,120,687
96,79,1533
97,80,1328
98,117,690
99,83,1433
100,126,585
101,99,838
102,106,851
103,77,1247
104,123,684
