carrier,rtrip_fare,advance,busclass,nonrefundable,satstayover
UA,658,1,0,1,0
AA,569,2,0,1,0
UA,302,6,0,1,0
AA,569,2,0,1,0
UA,332,5,0,1,1
UA,658,1,0,1,0
UA,263,5,0,1,0
AA,332,6,0,1,0
AA,395,6,0,1,0
UA,332,2,0,1,0
AA,332,6,0,1,0
UA,355,4,0,1,1
AA,616,6,0,0,0
AA,398,5,0,1,0
UA,658,2,0,1,0
UA,658,3,0,1,0
AA,644,3,1,1,0
UA,569,3,0,1,0
AA,569,4,0,1,0
AA,648,6,0,0,0
UA,332,5,0,1,0
AA,334,6,0,1,0
AA,658,5,0,1,0
AA,658,1,0,1,0
UA,390,7,0,1,0
AA,439,1,0,1,0
AA,198,3,0,1,0
AA,612,5,0,1,0
AA,565,4,0,1,0
UA,398,6,0,1,0
AA,645,5,1,1,1
AA,438,7,0,1,0
UA,396,3,0,1,0
AA,263,0,0,1,1
AA,612,4,0,0,0
UA,311,5,0,1,1
AA,302,6,0,1,0
AA,628,5,0,1,0
UA,433,1,0,1,0
AA,448,7,0,1,0
AA,198,3,0,1,0
AA,446,4,0,1,0
AA,458,7,0,1,0
AA,332,7,0,1,0
UA,658,2,0,1,0
AA,658,2,0,1,0
AA,393,5,0,1,0
AA,658,5,0,1,0
AA,428,1,0,1,0
AA,612,2,1,1,0
AA,290,4,0,1,0
AA,332,6,0,1,0
UA,398,5,0,1,0
UA,456,1,0,1,0
AA,303,7,0,1,0
AA,336,1,0,1,0
AA,300,7,0,1,0
AA,645,3,0,0,0
UA,458,2,0,1,1
AA,571,7,0,1,1
UA,298,7,0,1,0
AA,438,7,0,1,0
UA,292,4,0,1,1
AA,332,7,0,1,0
UA,638,2,0,1,0
UA,354,5,0,1,0
AA,398,6,0,1,0
UA,438,6,0,1,0
AA,364,6,0,1,0
UA,332,6,0,1,0
AA,448,2,0,1,1
UA,658,1,0,1,0
AA,637,1,0,1,0
AA,398,2,0,1,0
AA,658,3,0,1,0
AA,569,5,0,1,0
AA,199,3,0,1,0
UA,433,3,0,1,1
UA,386,2,0,1,1
AA,456,6,0,1,1
AA,658,4,0,1,0
UA,658,1,0,1,0
UA,658,3,0,1,0
UA,402,2,0,1,1
AA,1502,0,1,0,0
AA,386,1,0,1,0
AA,443,1,0,1,0
AA,658,5,0,1,0
AA,439,1,0,1,0
UA,436,5,0,1,0
UA,632,1,0,1,0
AA,364,1,0,1,0
UA,291,7,0,1,1
AA,300,6,0,1,0
AA,448,7,0,1,0
AA,658,4,0,1,0
AA,364,4,0,1,0
UA,658,2,0,1,0
UA,390,7,0,1,0
UA,424,5,0,1,0
UA,658,2,0,1,0
UA,198,5,0,1,0
AA,648,5,0,1,0
AA,198,6,0,1,0
AA,386,1,0,1,0
UA,401,5,0,1,0
AA,639,4,0,1,0
UA,569,3,0,1,0
AA,339,4,0,1,1
AA,658,2,0,1,0
UA,446,2,0,1,0
UA,658,0,0,1,0
AA,398,1,0,1,0
AA,1064,0,1,1,0
UA,658,4,0,1,0
UA,332,5,0,1,0
AA,645,6,0,0,0
AA,645,4,0,1,0
AA,458,5,0,1,0
AA,569,1,0,1,0
AA,395,7,0,1,0
AA,658,1,0,1,0
AA,448,7,0,1,0
AA,661,2,0,1,0
AA,658,1,0,1,0
UA,438,5,0,1,0
UA,398,4,0,1,0
UA,632,3,0,1,0
AA,1502,2,1,0,0
AA,658,1,0,1,0
AA,302,7,0,1,0
UA,433,5,0,1,0
AA,442,1,0,1,0
AA,658,2,0,1,0
UA,433,2,0,1,0
AA,658,5,0,1,0
AA,332,5,0,1,0
AA,628,3,0,1,0
UA,438,7,0,1,0
AA,374,4,0,1,0
AA,332,1,0,1,0
AA,386,1,0,1,0
UA,632,0,0,1,0
AA,332,5,0,1,0
AA,638,2,0,1,0
AA,568,5,0,1,0
UA,398,3,0,1,0
UA,658,3,0,1,0
AA,458,7,0,1,0
AA,658,4,0,1,0
AA,439,1,0,1,1
AA,311,2,0,1,1
AA,374,2,0,1,1
AA,404,1,0,1,0
UA,448,7,0,1,0
AA,398,5,0,1,0
UA,751,4,1,0,0
AA,621,1,1,1,0
UA,658,2,0,1,0
AA,438,7,0,1,0
UA,387,5,0,1,0
UA,658,1,0,1,0
UA,387,0,0,1,0
UA,441,6,0,1,0
AA,178,7,0,1,1
UA,625,6,0,1,0
AA,658,4,0,1,0
AA,386,2,0,1,0
AA,612,5,0,0,0
UA,457,2,0,1,0
AA,428,1,0,1,0
AA,454,1,0,1,0
AA,428,7,0,1,0
AA,658,3,0,1,0
AA,612,2,0,1,0
UA,638,3,0,1,0
UA,637,1,0,1,0
AA,658,3,0,1,0
AA,658,1,0,1,0
AA,658,5,0,1,0
UA,658,5,0,1,0
AA,395,7,0,1,0
UA,438,7,0,1,0
AA,328,5,0,1,1
AA,198,2,0,1,0
UA,387,6,0,1,0
AA,645,1,1,1,0
AA,198,2,0,1,1
AA,618,2,0,1,0
AA,642,6,1,0,1
AA,456,3,0,1,1
AA,568,6,0,1,0
AA,661,4,0,1,0
UA,390,7,0,1,0
UA,354,3,0,1,0
AA,644,4,1,1,0
AA,265,4,0,1,1
AA,658,1,0,1,0
AA,438,7,0,1,0
UA,354,3,0,1,0
AA,568,6,0,1,0
AA,658,1,0,1,0
AA,385,1,0,1,0
AA,569,2,0,1,0
AA,446,6,0,1,1
AA,201,1,0,1,0
AA,621,0,1,1,0
AA,658,5,0,1,0
AA,658,4,0,1,0
UA,658,0,0,1,0
AA,661,6,0,1,0
UA,643,5,0,1,0
AA,202,4,0,1,0
AA,644,2,1,0,0
UA,298,7,0,1,0
UA,626,1,0,1,0
UA,385,6,0,1,0
UA,658,2,0,1,0
UA,632,4,0,1,0
UA,658,1,0,1,0
AA,198,3,0,1,1
AA,395,7,0,1,0
AA,638,1,0,1,0
AA,1452,1,1,0,0
AA,658,1,0,1,0
AA,658,5,0,1,0
AA,353,1,0,1,0
AA,658,6,0,1,0
UA,438,5,0,1,0
AA,435,6,0,1,0
AA,638,1,0,1,0
AA,658,2,0,1,0
AA,385,7,0,1,0
UA,337,5,0,1,0
AA,333,2,0,1,0
UA,302,5,0,1,0
AA,1502,2,1,0,1
UA,658,3,0,1,0
AA,458,7,0,1,0
UA,387,5,0,1,0
AA,569,1,0,1,0
AA,658,6,0,1,0
UA,658,5,0,1,0
AA,385,7,0,1,0
UA,658,1,0,1,0
AA,658,1,0,1,0
AA,300,7,0,1,0
AA,1072,4,1,1,0
UA,263,1,0,1,1
AA,658,2,0,1,0
AA,305,1,0,1,0
AA,658,3,0,1,0
AA,438,7,0,1,0
AA,300,7,0,1,0
UA,632,5,0,1,0
UA,433,1,0,1,0
UA,441,6,0,1,0
AA,263,7,0,1,0
UA,387,2,0,1,0
UA,658,1,0,1,0
UA,263,4,0,1,0
UA,391,2,0,1,1
AA,658,1,0,1,0
UA,448,7,0,1,0
UA,643,5,0,1,0
UA,658,1,0,1,0
UA,435,1,0,1,0
AA,386,3,0,1,0
AA,648,6,0,1,0
UA,390,7,0,1,0
AA,658,2,0,1,0
AA,648,1,0,1,0
UA,574,5,0,1,0
UA,441,5,0,1,0
UA,569,0,0,1,0
UA,569,1,0,1,0
UA,387,1,0,1,0
AA,458,5,0,1,0
AA,658,3,0,1,0
AA,645,5,0,0,0
AA,332,5,0,1,0
AA,645,5,0,1,0
UA,658,0,0,1,0
AA,458,7,0,1,0
AA,658,3,0,1,0
AA,658,1,0,1,0
AA,446,6,0,1,0
AA,398,1,0,1,0
UA,298,7,0,1,0
UA,658,1,0,1,0
UA,569,1,0,1,0
AA,1022,1,1,1,0
AA,385,7,0,1,0
UA,448,7,0,1,0
AA,658,2,0,1,0
AA,658,0,0,1,0
AA,448,1,0,1,0
UA,638,0,0,1,0
AA,198,7,0,1,0
AA,658,5,0,1,0
AA,338,7,0,1,0
AA,658,1,0,1,0
AA,645,4,0,1,0
AA,442,2,0,1,0
UA,395,7,0,1,0
AA,658,1,0,1,0
UA,311,5,0,1,1
UA,387,1,0,1,0
UA,436,4,0,1,1
AA,645,6,1,1,0
UA,643,3,0,1,0
AA,439,1,0,1,0
AA,385,7,0,1,0
UA,438,6,0,1,0
AA,448,3,0,1,0
AA,612,2,0,1,0
AA,645,5,0,0,0
AA,302,7,0,1,0
UA,638,4,0,1,0
UA,569,0,0,1,0
AA,178,7,0,1,0
UA,632,1,0,1,0
UA,658,1,0,1,0
AA,658,3,0,1,0
AA,638,4,0,1,0
AA,438,0,0,1,0
AA,617,1,0,1,0
AA,638,5,0,1,0
AA,432,0,0,1,1
AA,658,3,0,1,0
UA,574,2,0,1,0
AA,569,5,0,1,0
AA,395,7,0,1,0
AA,622,1,0,0,0
AA,458,7,0,1,0
UA,204,5,0,1,1
AA,658,3,0,1,0
AA,392,7,0,1,0
AA,616,1,0,0,0
AA,648,5,0,1,0
UA,433,2,0,1,0
AA,396,6,0,1,0
AA,568,4,0,1,0
AA,371,1,0,1,0
AA,300,5,0,1,0
AA,1072,2,1,1,0
UA,263,5,0,1,0
AA,1502,1,1,0,0
UA,458,5,0,1,0
AA,648,4,0,1,0
AA,201,5,0,1,0
UA,658,3,0,1,0
UA,658,2,0,1,0
AA,438,7,0,1,0
AA,290,1,0,1,0
UA,658,4,0,1,0
AA,645,5,0,1,0
AA,1064,4,1,1,0
UA,332,5,0,1,0
UA,448,7,0,1,0
AA,387,5,0,1,0
AA,333,5,0,1,0
UA,332,6,0,1,0
AA,612,3,0,1,0
AA,332,6,0,1,0
UA,311,3,0,1,0
AA,569,2,0,1,0
AA,439,3,0,1,0
UA,332,6,0,1,1
AA,396,6,0,1,0
AA,300,7,0,1,0
AA,650,2,0,1,0
AA,438,7,0,1,0
UA,438,7,0,1,0
AA,395,5,0,1,0
AA,1502,1,1,0,0
AA,436,4,0,1,0
UA,648,6,0,1,0
AA,304,7,0,1,0
AA,658,2,0,1,0
AA,168,7,0,1,0
AA,300,7,0,1,0
AA,647,3,0,0,0
UA,433,1,0,1,1
AA,453,4,0,1,0
AA,451,6,0,1,0
UA,458,5,0,1,0
AA,567,0,0,1,0
AA,309,1,0,1,0
AA,332,6,0,1,0
AA,439,0,0,1,0
AA,438,7,0,1,0
AA,265,6,0,1,1
AA,375,2,0,1,0
UA,332,6,0,1,0
UA,642,1,0,1,1
UA,658,5,0,1,0
AA,395,7,0,1,0
AA,1072,1,1,1,0
UA,626,0,0,1,0
AA,569,2,0,1,0
AA,438,7,0,1,0
UA,332,6,0,1,0
AA,263,7,0,1,0
AA,658,1,0,1,0
AA,645,6,0,1,0
UA,385,7,0,1,0
UA,658,1,0,1,0
AA,645,5,0,1,0
AA,458,7,0,1,0
UA,569,0,0,1,0
AA,645,5,1,0,0
UA,637,2,0,1,0
UA,631,1,0,1,0
UA,569,1,0,1,0
UA,357,1,0,1,0
UA,385,7,0,1,0
AA,638,1,1,1,1
UA,658,2,0,1,0
AA,448,7,0,1,0
AA,638,4,0,1,0
AA,612,2,0,0,0
AA,218,7,0,1,0
AA,332,7,0,1,0
UA,294,5,0,1,1
AA,658,3,0,1,0
AA,658,5,0,1,0
UA,325,1,0,1,1
AA,636,5,0,0,0
UA,643,4,0,1,0
AA,612,6,0,0,0
UA,569,1,0,1,0
UA,448,7,0,1,0
UA,458,1,0,1,0
AA,458,7,0,1,0
AA,294,1,0,1,0
AA,438,7,0,1,0
UA,658,6,0,1,0
AA,297,7,0,1,1
UA,658,1,0,1,0
UA,658,6,0,1,0
AA,591,1,0,1,0
AA,332,3,0,1,0
AA,658,2,0,1,0
UA,359,3,0,1,1
AA,658,4,0,1,0
AA,458,1,0,1,0
AA,438,7,0,1,0
AA,645,2,1,1,0
AA,658,1,0,1,0
UA,439,2,0,1,0
AA,1452,1,1,0,0
AA,658,1,0,1,0
AA,438,7,0,1,0
UA,395,7,0,1,0
AA,428,7,0,1,0
AA,439,7,0,1,0
AA,448,7,0,1,0
UA,456,3,0,1,0
AA,446,2,0,1,0
AA,592,2,1,1,0
AA,377,7,0,1,0
AA,439,1,0,1,0
AA,438,7,0,1,0
UA,658,3,0,1,0
AA,1057,1,1,1,0
AA,658,1,0,1,0
AA,386,0,0,1,0
AA,580,6,0,1,1
UA,438,7,0,1,0
AA,569,0,0,1,0
AA,455,1,0,1,0
UA,658,2,0,1,0
AA,1057,7,1,1,0
AA,638,4,0,1,0
UA,396,6,0,1,0
AA,612,5,0,1,0
UA,332,4,0,1,0
AA,300,7,0,1,0
AA,648,2,0,1,0
UA,387,2,0,1,0
UA,339,3,0,1,1
UA,643,2,0,1,0
UA,396,2,0,1,0
UA,626,2,0,1,0
AA,658,5,0,1,0
AA,1064,4,1,1,0
AA,354,7,0,1,0
AA,428,2,0,1,0
AA,263,1,0,1,0
AA,438,7,0,1,0
AA,364,6,0,1,0
AA,334,6,0,1,0
AA,658,1,0,1,0
AA,398,3,0,1,0
UA,400,6,0,1,1
AA,454,1,0,1,0
AA,332,6,0,1,0
AA,658,4,0,1,0
AA,448,7,0,1,0
UA,658,1,0,1,0
AA,375,1,0,1,0
AA,208,7,0,1,0
AA,438,7,0,1,0
UA,438,2,0,1,0
AA,448,7,0,1,0
AA,382,1,0,1,0
UA,332,4,0,1,0
UA,658,4,0,1,0
AA,658,5,0,1,0
AA,612,2,0,0,0
UA,262,5,0,1,0
AA,404,2,0,1,0
AA,448,7,0,1,0
AA,454,1,0,1,0
AA,455,7,0,1,0
UA,638,2,0,1,0
UA,357,2,0,1,0
AA,648,4,0,0,0
AA,612,1,0,0,0
AA,658,3,0,1,0
UA,198,1,0,1,1
UA,395,5,0,1,1
UA,303,7,0,1,0
AA,454,2,0,1,0
AA,645,2,1,1,0
AA,623,4,0,1,0
UA,458,5,0,1,0
AA,658,1,0,1,0
UA,387,1,0,1,0
UA,448,7,0,1,0
AA,569,2,0,1,0
AA,648,4,0,1,0
UA,441,4,0,1,0
UA,658,5,0,1,0
UA,332,5,0,1,0
AA,658,5,0,1,0
AA,374,7,0,1,1
UA,658,2,0,1,0
AA,263,4,0,1,0
AA,612,6,0,1,0
AA,579,4,0,1,0
AA,592,3,1,1,0
UA,458,1,0,1,0
UA,648,1,0,1,0
AA,446,6,0,1,1
UA,332,1,0,1,0
AA,448,4,0,1,0
AA,650,1,0,1,0
UA,658,5,0,1,0
UA,658,6,0,1,0
UA,658,0,0,1,0
UA,433,2,0,1,0
UA,658,1,0,1,0
UA,569,0,0,1,1
UA,311,5,0,1,1
UA,438,7,0,1,0
AA,658,5,0,1,0
AA,303,7,0,1,0
AA,1057,2,1,1,0
AA,658,4,0,1,0
UA,658,1,0,1,0
AA,311,2,0,1,1
AA,458,7,0,1,0
AA,458,7,0,1,0
AA,658,1,0,1,0
AA,611,7,0,0,0
UA,569,0,0,1,0
UA,354,5,0,1,0
AA,378,6,0,1,1
AA,385,0,0,1,0
AA,380,3,0,1,0
UA,298,7,0,1,0
UA,332,1,0,1,1
UA,638,3,0,1,0
UA,438,7,0,1,0
UA,658,5,0,1,0
AA,449,6,0,1,0
AA,592,1,1,1,0
AA,1452,2,1,0,1
UA,569,1,0,1,0
AA,364,5,0,1,0
UA,292,7,0,1,1
AA,648,5,0,1,0
UA,658,3,0,1,0
UA,658,1,0,1,0
AA,658,4,0,1,0
UA,433,1,0,1,0
AA,332,3,0,1,1
UA,292,7,0,1,1
AA,386,1,0,1,0
AA,386,2,0,1,0
AA,612,3,0,1,0
UA,638,1,0,1,0
AA,658,2,0,1,0
UA,658,3,0,1,0
AA,446,2,0,1,0
AA,658,3,0,1,0
AA,297,5,0,1,0
AA,658,3,0,1,0
AA,658,6,0,1,0
AA,294,2,0,1,0
UA,658,3,0,1,0
UA,438,6,0,1,0
AA,658,4,0,1,0
AA,638,5,0,1,0
AA,178,7,0,1,1
AA,658,4,0,1,0
UA,658,2,0,1,0
AA,290,1,0,1,1
AA,1502,2,1,0,0
AA,398,6,0,1,0
AA,658,4,0,1,0
AA,645,2,1,0,0
UA,658,2,0,1,0
UA,448,7,0,1,0
AA,298,6,0,1,0
AA,658,3,0,1,0
UA,332,6,0,1,0
AA,645,4,0,1,1
AA,449,1,0,1,0
AA,458,7,0,1,0
AA,658,4,0,1,0
AA,383,5,0,1,0
AA,332,6,0,1,0
UA,293,3,0,1,1
AA,265,5,0,1,1
AA,458,5,0,1,0
UA,358,1,0,1,0
AA,428,7,0,1,0
UA,621,6,0,1,0
UA,648,3,0,1,0
AA,439,0,0,1,0
AA,645,5,0,1,0
UA,438,2,0,1,0
AA,658,4,0,1,0
UA,390,7,0,1,0
UA,298,7,0,1,0
AA,448,7,0,1,0
AA,658,1,0,1,0
AA,454,1,0,1,0
AA,332,1,0,1,0
AA,658,3,0,1,0
AA,569,5,0,1,0
AA,658,3,0,1,0
UA,387,1,0,1,0
AA,658,1,0,1,0
AA,591,5,0,1,0
UA,429,1,0,1,0
AA,200,7,0,1,0
UA,658,4,0,1,0
AA,300,7,0,1,0
AA,396,6,0,1,0
AA,638,4,0,1,0
AA,168,7,0,1,1
AA,329,4,0,1,0
AA,568,5,0,1,0
AA,626,4,0,1,0
UA,438,6,0,1,0
AA,375,3,0,1,0
UA,574,3,0,1,0
AA,397,4,0,1,0
AA,658,3,0,1,0
UA,648,3,0,1,0
AA,446,1,0,1,0
UA,438,7,0,1,0
AA,332,5,0,1,0
AA,438,7,0,1,0
UA,628,4,0,1,0
AA,455,3,0,1,0
UA,648,6,0,1,0
AA,658,6,0,1,0
AA,439,3,0,1,1
UA,638,5,0,1,0
UA,626,4,0,1,0
AA,638,4,0,1,0
UA,311,3,0,1,0
UA,627,1,0,1,1
UA,632,4,0,1,0
AA,650,1,0,1,0
AA,612,1,0,1,0
AA,658,1,0,1,0
AA,198,2,0,1,0
UA,658,4,0,1,0
UA,458,0,0,1,0
UA,658,4,0,1,0
AA,569,2,0,1,0
AA,458,7,0,1,0
AA,1072,2,1,1,0
AA,448,1,0,1,0
AA,398,3,0,1,0
AA,658,3,0,1,0
UA,632,4,0,1,0
UA,385,7,0,1,0
AA,658,1,0,1,0
AA,623,4,0,1,0
AA,265,5,0,1,1
AA,659,5,0,1,0
AA,443,7,0,1,0
AA,621,5,0,1,0
UA,658,2,0,1,0
AA,658,3,0,1,0
AA,645,3,0,0,0
AA,438,7,0,1,0
AA,612,1,0,1,0
AA,444,4,0,1,0
AA,658,1,0,1,0
AA,395,7,0,1,0
AA,452,4,0,1,0
UA,569,1,0,1,0
AA,612,1,0,0,0
UA,332,1,0,1,1
UA,658,2,0,1,0
AA,658,6,0,1,0
AA,301,2,0,1,0
UA,632,3,0,1,0
UA,458,3,0,1,1
UA,385,7,0,1,0
UA,327,7,0,1,1
AA,428,1,0,1,0
UA,439,2,0,1,0
UA,638,6,0,1,0
AA,430,2,0,1,0
AA,641,1,1,1,0
AA,628,6,0,1,0
UA,433,5,0,1,0
AA,658,0,0,1,0
UA,387,1,0,1,0
AA,612,5,0,0,0
AA,332,3,0,1,0
UA,263,4,0,1,1
AA,658,5,0,1,0
AA,448,7,0,1,0
AA,395,7,0,1,0
UA,448,7,0,1,0
AA,569,2,0,1,0
UA,387,6,0,1,0
AA,658,0,0,1,0
AA,386,2,0,1,0
AA,448,7,0,1,0
UA,631,6,0,1,1
UA,658,3,0,1,0
AA,300,4,0,1,0
AA,458,7,0,1,0
AA,331,6,0,1,0
UA,385,7,0,1,0
UA,648,5,0,1,0
UA,390,7,0,1,0
UA,390,7,0,1,0
UA,354,7,0,1,0
AA,438,7,0,1,0
AA,642,2,1,0,0
UA,388,3,0,1,0
AA,658,1,0,1,0
AA,648,5,0,1,0
AA,458,7,0,1,0
UA,458,2,0,1,0
UA,357,1,0,1,0
AA,438,7,0,1,0
UA,658,1,0,1,0
AA,628,6,0,1,0
UA,658,3,0,1,0
AA,266,7,0,1,0
AA,422,2,0,1,0
AA,385,7,0,1,0
AA,638,1,0,1,0
UA,332,0,0,1,0
AA,261,5,0,1,1
AA,448,6,0,1,0
UA,436,7,0,1,0
AA,200,2,0,1,0
AA,332,5,0,1,0
AA,448,7,0,1,0
AA,645,5,0,1,0
AA,658,4,0,1,0
UA,658,1,0,1,0
AA,290,1,0,1,0
AA,467,3,0,1,0
AA,312,2,0,1,0
UA,638,1,0,1,0
AA,439,6,0,1,0
AA,395,7,0,1,0
AA,568,4,0,1,0
UA,388,4,0,1,0
AA,636,4,0,1,0
AA,658,5,0,1,0
AA,443,3,0,1,0
AA,658,1,0,1,0
UA,648,1,0,1,0
AA,201,4,0,1,0
AA,569,3,0,1,0
UA,632,3,0,1,0
AA,658,4,0,1,0
AA,612,0,0,1,0
AA,439,2,0,1,1
AA,658,1,0,1,0
AA,658,2,0,1,0
UA,658,4,0,1,0
AA,569,5,0,1,0
UA,332,4,0,1,0
AA,168,7,0,1,0
AA,395,7,0,1,0
AA,1051,2,1,1,0
AA,645,1,1,1,0
UA,658,1,0,1,0
UA,658,3,0,1,0
UA,390,7,0,1,0
AA,447,4,0,1,1
AA,332,6,0,1,0
AA,453,1,0,1,0
AA,623,1,0,1,1
AA,612,2,0,0,0
AA,446,6,0,1,1
AA,293,2,0,1,1
AA,658,2,0,1,0
UA,388,6,0,1,0
AA,458,7,0,1,0
AA,638,5,0,1,0
UA,309,6,0,1,0
AA,568,6,0,1,0
AA,569,1,0,1,0
AA,442,7,0,1,0
AA,658,2,0,1,0
UA,658,0,0,1,0
UA,385,7,0,1,0
UA,389,2,0,1,0
AA,438,7,0,1,0
UA,387,1,0,1,0
AA,658,2,0,1,0
UA,643,2,0,1,0
UA,441,6,0,1,0
AA,579,4,0,1,0
AA,633,1,0,1,0
AA,458,7,0,1,0
AA,570,3,0,1,0
AA,591,2,0,1,0
UA,658,0,0,1,0
UA,418,1,0,1,0
AA,658,4,0,1,0
AA,178,7,0,1,1
AA,624,0,0,0,1
UA,198,4,0,1,1
AA,658,4,0,1,0
UA,387,1,0,1,0
UA,263,5,0,1,0
AA,658,1,0,1,0
UA,658,4,0,1,0
UA,387,0,0,1,0
UA,395,5,0,1,0
AA,332,4,0,1,0
AA,458,7,0,1,0
AA,658,5,0,1,0
AA,658,3,0,1,0
UA,332,6,0,1,0
AA,168,7,0,1,0
AA,438,7,0,1,0
AA,591,3,0,1,0
AA,248,7,0,1,0
UA,456,6,0,1,1
AA,615,1,0,0,0
UA,332,6,0,1,0
AA,658,6,0,1,0
AA,395,5,0,1,0
AA,388,1,0,1,0
UA,658,1,0,1,0
UA,638,4,0,1,0
AA,269,2,0,1,0
UA,658,6,0,1,0
AA,332,7,0,1,0
AA,448,7,0,1,0
AA,332,1,0,1,0
AA,569,3,0,1,0
AA,568,5,0,1,0
AA,658,1,0,1,0
UA,658,2,0,1,0
UA,648,4,0,1,0
AA,294,3,0,1,1
AA,397,6,0,1,0
AA,421,7,0,1,0
UA,396,1,0,1,1
AA,658,0,0,1,0
AA,428,0,0,1,0
AA,438,7,0,1,0
UA,429,2,0,1,0
AA,658,2,0,1,0
UA,303,3,0,1,0
UA,387,1,0,1,0
AA,448,3,0,1,0
UA,658,5,0,1,0
AA,332,6,0,1,0
AA,658,4,0,1,0
UA,387,0,0,1,0
AA,658,4,0,1,0
UA,658,2,0,1,0
UA,438,5,0,1,0
AA,569,2,0,1,0
AA,1057,1,1,1,0
AA,303,7,0,1,0
AA,645,1,0,0,0
AA,438,6,0,1,0
AA,332,6,0,1,0
AA,293,6,0,1,0
UA,632,1,0,1,0
UA,261,2,0,1,1
UA,658,4,0,1,0
AA,300,7,0,1,0
UA,658,3,0,1,0
AA,1028,2,1,1,0
UA,398,3,0,1,0
AA,386,2,0,1,0
AA,646,6,0,1,0
AA,572,6,0,1,0
AA,577,5,0,1,0
UA,658,4,0,1,0
UA,390,7,0,1,0
AA,364,5,0,1,0
AA,645,2,1,0,0
AA,300,7,0,1,0
AA,311,6,0,1,0
AA,569,3,0,1,0
AA,1452,2,1,0,0
AA,428,0,0,1,0
AA,638,2,0,1,0
UA,332,1,0,1,0
AA,250,7,0,1,0
AA,591,1,0,1,0
AA,438,7,0,1,0
UA,648,3,0,1,0
UA,574,3,0,1,0
AA,311,3,0,1,1
AA,428,0,0,1,0
UA,433,0,0,1,0
UA,658,5,0,1,0
UA,658,1,0,1,0
UA,398,6,0,1,0
UA,626,1,0,1,0
AA,439,0,0,1,0
AA,591,3,0,1,0
AA,638,1,0,1,0
AA,638,1,0,1,0
AA,370,2,0,1,0
AA,436,1,0,1,0
AA,313,2,0,1,0
AA,458,1,0,1,0
AA,645,2,1,1,0
UA,658,1,0,1,0
AA,395,7,0,1,0
AA,395,7,0,1,0
UA,448,7,0,1,0
UA,643,1,0,1,0
AA,395,7,0,1,0
AA,568,6,0,1,0
AA,395,7,0,1,0
AA,448,7,0,1,0
AA,1072,5,1,1,0
AA,658,4,0,1,0
UA,400,3,0,1,1
AA,443,5,0,1,0
AA,385,7,0,1,0
AA,658,2,0,1,0
UA,178,7,0,1,1
AA,436,6,0,1,0
UA,446,5,0,1,0
AA,396,5,0,1,1
UA,658,3,0,1,0
AA,386,2,0,1,1
AA,658,4,0,1,0
AA,456,1,0,1,0
AA,658,1,0,1,0
UA,638,6,0,1,0
AA,658,5,0,1,0
AA,458,7,0,1,0
UA,198,4,0,1,1
UA,658,3,0,1,0
AA,448,7,0,1,0
AA,298,5,0,1,0
AA,568,4,0,1,0
UA,436,6,0,1,0
AA,332,4,0,1,0
AA,658,2,0,1,0
AA,290,1,0,1,0
UA,658,3,0,1,0
UA,303,3,0,1,0
AA,388,5,0,1,0
AA,451,6,0,1,0
UA,658,3,0,1,0
UA,658,1,0,1,0
AA,364,6,0,1,0
AA,178,7,0,1,0
AA,456,6,0,1,0
AA,448,7,0,1,0
AA,1064,2,1,1,1
UA,632,0,0,1,0
UA,198,7,0,1,1
UA,658,3,0,1,0
AA,568,5,0,1,0
AA,269,2,0,1,0
AA,1070,1,1,1,0
UA,354,5,0,1,0
AA,626,3,0,1,0
